date,inflation,unemployment,interest_rate,industrial_production,log_inflation,log_industrial_production
1954-07-01,26.86,5.8,0.8,18.1222,3.2906381910950917,2.897137706048427
1954-08-01,26.85,6,1.22,18.0953,3.2902658209548736,2.895652236043788
1954-09-01,26.81,6.1,1.07,18.1222,3.2887749522478678,2.897137706048427
1954-10-01,26.72,5.7,0.85,18.3377,3.285412348668445,2.9089590500217573
1954-11-01,26.78,5.3,0.83,18.6338,3.2876553402630266,2.9249771359020493
1954-12-01,26.77,5,1.28,18.8762,3.2872818575322613,2.9379018692731504
1955-01-01,26.77,4.9,1.39,19.307,3.2872818575322613,2.9604677244536797
1955-02-01,26.82,4.7,1.29,19.5494,3.2891478778535324,2.9729445954233262
1955-03-01,26.79,4.6,1.35,20.0071,3.2880286835565173,2.9960872105564
1955-04-01,26.79,4.7,1.43,20.2495,3.2880286835565173,3.008130101889687
1955-05-01,26.77,4.3,1.43,20.5726,3.2872818575322613,3.0239600933438586
1955-06-01,26.71,4.2,1.64,20.5996,3.2850380271218693,3.0252716581312855
1955-07-01,26.76,4,1.68,20.7611,3.286908235260028,3.0330810434064763
1955-08-01,26.72,4.2,1.96,20.7342,3.285412348668445,3.0317845108464883
1955-09-01,26.85,4.1,2.18,20.8688,3.2902658209548736,3.0382552206338818
1955-10-01,26.82,4.3,2.24,21.2189,3.2891478778535324,3.054892293953423
1955-11-01,26.88,4.2,2.35,21.2727,3.2913825156549485,3.057424560507227
1955-12-01,26.87,4.2,2.48,21.3535,3.2910104226273997,3.0612156606650833
1956-01-01,26.83,4,2.45,21.4882,3.2895206644375325,3.0675039472580434
1956-02-01,26.86,3.9,2.5,21.2997,3.2906381910950917,3.05869298810915
1956-03-01,26.89,4.2,2.5,21.2997,3.2917544702807735,3.05869298810915
1956-04-01,26.93,4,2.62,21.4612,3.2932409068235073,3.066246653626153
1956-05-01,27.03,4.3,2.75,21.2728,3.2969473602883563,3.0574292613569054
1956-06-01,27.15,4.3,2.71,21.0843,3.3013770463799443,3.0485286876908213
1956-07-01,27.29,4.4,2.75,20.438,3.306520334720247,3.0173959131900174
1956-08-01,27.31,4.1,2.73,21.2727,3.3072529354856135,3.057424560507227
1956-09-01,27.35,3.9,2.95,21.7574,3.3087165288679903,3.0799539295546876
1956-10-01,27.51,3.9,2.96,21.9459,3.3145495749364833,3.088580333919203
1956-11-01,27.51,4.3,2.88,21.7574,3.3145495749364833,3.0799539295546876
1956-12-01,27.63,4.2,2.94,22.0806,3.318902138935325,3.094699394952734
1957-01-01,27.67,4.2,2.84,21.9998,3.3203487937988347,3.0910333624079023
1957-02-01,27.8,3.9,3,22.2152,3.3250360206965914,3.1007767392732966
1957-03-01,27.86,3.7,2.96,22.1883,3.3271919683516598,3.0995651229236487
1957-04-01,27.93,3.9,3,21.8921,3.3297013799570854,3.086125841149916
1957-05-01,28,4.1,3,21.8113,3.332204510175204,3.0824281841226546
1957-06-01,28.11,4.3,3,21.8652,3.3361253849184407,3.0848963318616964
1957-07-01,28.19,4.2,2.99,21.9998,3.338967305126021,3.0910333624079023
1957-08-01,28.28,4.1,3.24,21.9998,3.342154841028372,3.0910333624079023
1957-09-01,28.32,4.4,3.47,21.8113,3.343568268825519,3.0824281841226546
1957-10-01,28.32,4.5,3.5,21.4882,3.343568268825519,3.0675039472580434
1957-11-01,28.41,5.1,3.28,20.9765,3.3467411958660964,3.0434027635030807
1957-12-01,28.47,5.2,2.98,20.5726,3.3488509012899463,3.0239600933438586
1958-01-01,28.64,5.8,2.72,20.1956,3.3548043420924447,3.0054647588983707
1958-02-01,28.7,6.4,1.67,19.7648,3.3568971227655755,2.9839025778004125
1958-03-01,28.87,6.7,1.2,19.5225,3.3628029936748436,2.971567646554693
1958-04-01,28.94,7.4,1.26,19.1993,3.365224721203338,2.9548738200357816
1958-05-01,28.94,7.4,0.63,19.3878,3.365224721203338,2.964644002270752
1958-06-01,28.91,7.3,0.93,19.8994,3.364187556028255,2.990689580522135
1958-07-01,28.89,7.5,0.68,20.1956,3.363495514478144,3.0054647588983707
1958-08-01,28.94,7.4,1.53,20.5995,3.365224721203338,3.0252668036563093
1958-09-01,28.91,7.1,1.76,20.7881,3.364187556028255,3.0343807076022027
1958-10-01,28.91,6.7,1.8,21.0304,3.364187556028255,3.0459690099807024
1958-11-01,28.95,6.2,2.27,21.6497,3.3655702040190043,3.0749915975395594
1958-12-01,28.97,6.2,2.42,21.6767,3.366260811781259,3.0762379509635753
1959-01-01,29.01,6,2.48,21.9998,3.367640598133313,3.0910333624079023
1959-02-01,29,5.9,2.43,22.4306,3.367295829986474,3.110426098062887
1959-03-01,28.97,5.6,2.8,22.7538,3.366260811781259,3.1247321644155397
1959-04-01,28.98,5.2,2.96,23.2384,3.3666059368925363,3.145806082797825
1959-05-01,29.04,5.1,2.9,23.5885,3.3686741899565953,3.1607593051325247
1959-06-01,29.11,5,3.39,23.6155,3.371081757757532,3.1619032761072092
1959-07-01,29.15,5.1,3.47,23.05,3.3724549127965013,3.1376657694426577
1959-08-01,29.18,5.2,3.5,22.2691,3.3734835430946397,3.103200067340835
1959-09-01,29.25,5.5,3.76,22.2421,3.3758795736778655,3.1019868893851044
1959-10-01,29.35,5.7,3.98,22.0806,3.3792925462741055,3.094699394952734
1959-11-01,29.35,5.8,4,22.2152,3.3792925462741055,3.1007767392732966
1959-12-01,29.41,5.3,3.99,23.5885,3.3813347525659037,3.1607593051325247
1960-01-01,29.37,5.2,3.99,24.2078,3.379973745210529,3.1866748952802126
1960-02-01,29.41,4.8,3.97,23.9924,3.3813347525659037,3.1777371135318027
1960-03-01,29.41,5.4,3.84,23.777,3.3813347525659037,3.1687187268702655
1960-04-01,29.54,5.2,3.92,23.5885,3.3857452771032337,3.1607593051325247
1960-05-01,29.57,5.1,3.85,23.5616,3.3867603338643857,3.1596182681922604
1960-06-01,29.61,5.4,3.32,23.2654,3.3881121421135,3.1469672783574927
1960-07-01,29.55,5.5,3.23,23.1846,3.386083743852107,3.1434882651606317
1960-08-01,29.61,5.6,2.98,23.1577,3.3881121421135,3.1423273386196007
1960-09-01,29.61,5.5,2.6,22.9153,3.3881121421135,3.131804809736616
1960-10-01,29.75,6.1,2.47,22.8884,3.392829131991639,3.1306302320019492
1960-11-01,29.78,6.1,2.44,22.5653,3.393837027255863,3.1164133281163577
1960-12-01,29.81,6.6,1.98,22.1344,3.39484390768998,3.0971329594241284
1961-01-01,29.84,6.6,1.45,22.1613,3.3958497753355603,3.0983475244183305
1961-02-01,29.84,6.9,2.54,22.1344,3.3958497753355603,3.0971329594241284
1961-03-01,29.84,6.9,2.02,22.2691,3.3958497753355603,3.103200067340835
1961-04-01,29.81,7,1.49,22.7268,3.39484390768998,3.123544844847553
1961-05-01,29.84,7.1,1.98,23.0769,3.3958497753355603,3.1388321171941644
1961-06-01,29.84,6.9,1.73,23.4,3.3958497753355603,3.152736022363656
1961-07-01,29.92,7,1.17,23.6693,3.3985271531062766,3.164178849789059
1961-08-01,29.94,6.6,2,23.8847,3.3991953789914824,3.1732380865788294
1961-09-01,29.98,6.7,1.88,23.8578,3.4005304926744517,3.1721112078922675
1961-10-01,29.98,6.5,2.26,24.3156,3.4005304926744517,3.1911181196771468
1961-11-01,29.98,6.1,2.61,24.6926,3.4005304926744517,3.206503603604641
1961-12-01,30.01,6,2.33,24.908,3.4015306594522756,3.2151890370102056
1962-01-01,30.04,5.8,2.15,24.6925,3.402529826895934,3.2064995538001453
1962-02-01,30.11,5.5,2.37,25.0964,3.4048573424936426,3.222724409556383
1962-03-01,30.17,5.6,2.85,25.2311,3.40684805317097,3.2280773605927724
1962-04-01,30.21,5.6,2.78,25.285,3.4081729953985804,3.2302113345319463
1962-05-01,30.24,5.5,2.36,25.258,3.4091655513113324,3.2291429372239784
1962-06-01,30.21,5.5,2.68,25.2042,3.4081729953985804,3.2270106472966984
1962-07-01,30.22,5.4,2.71,25.4465,3.4085039568445934,3.236578208981206
1962-08-01,30.28,5.7,2.93,25.4734,3.410487428569248,3.237634770463158
1962-09-01,30.42,5.6,2.9,25.635,3.4151002868311466,3.243958605235664
1962-10-01,30.38,5.4,2.9,25.6619,3.4137844971676268,3.2450074016528263
1962-11-01,30.38,5.7,2.94,25.7696,3.4137844971676268,3.249195502619089
1962-12-01,30.38,5.5,2.93,25.7696,3.4137844971676268,3.249195502619089
1963-01-01,30.44,5.7,2.92,25.9581,3.415757532993485,3.2564836996350635
1963-02-01,30.48,5.9,3,26.2544,3.4170707308184456,3.267833594038749
1963-03-01,30.51,5.7,2.98,26.4159,3.418054498728578,3.2739661015861126
1963-04-01,30.48,5.7,2.9,26.6582,3.4170707308184456,3.283096795591976
1963-05-01,30.51,5.9,3,26.9814,3.418054498728578,3.2951477397224584
1963-06-01,30.61,5.6,2.99,27.0622,3.421326752957321,3.2981379202509182
1963-07-01,30.69,5.6,3.02,26.9545,3.4239368686316447,3.294150259297347
1963-08-01,30.75,5.4,3.49,27.0083,3.4258899942525267,3.2961442261717604
1963-09-01,30.72,5.5,3.48,27.2776,3.4249139082794713,3.306065852565509
1963-10-01,30.75,5.5,3.5,27.4661,3.4258899942525267,3.312952516966532
1963-11-01,30.78,5.7,3.48,27.6007,3.426865128410733,3.317841134720327
1963-12-01,30.88,5.5,3.38,27.5469,3.4301087251565754,3.315890006581746
1964-01-01,30.94,5.6,3.48,27.7892,3.43204984514492,3.324647456006476
1964-02-01,30.91,5.4,3.48,27.9777,3.431079756144025,3.3314077642860487
1964-03-01,30.94,5.4,3.43,27.9777,3.43204984514492,3.3314077642860487
1964-04-01,30.95,5.3,3.47,28.4355,3.432372999130605,3.3476383645675925
1964-05-01,30.98,5.1,3.5,28.597,3.4333418349887226,3.3533018172190356
1964-06-01,31.01,5.2,3.5,28.6778,3.4343097331123578,3.3561233042815006
1964-07-01,31.02,4.9,3.42,28.8663,3.4346321577483927,3.362674824741086
1964-08-01,31.05,5,3.5,29.0548,3.435598808379488,3.369183702006561
1964-09-01,31.08,5.1,3.45,29.1625,3.436564525499447,3.3728836373475484
1964-10-01,31.12,5.1,3.36,28.7586,3.4378506993101907,3.3589368529475534
1964-11-01,31.21,4.8,3.52,29.6472,3.440738556282688,3.3893676859085766
1964-12-01,31.25,5,3.85,29.9973,3.4420193761824107,3.4011073776119125
1965-01-01,31.28,4.9,3.9,30.3204,3.4429789156771102,3.411820753299286
1965-02-01,31.28,5.1,3.98,30.5089,3.4429789156771102,3.4180184443257584
1965-03-01,31.31,4.7,4.05,30.9128,3.443937535338314,3.4311703376124125
1965-04-01,31.38,4.8,4.09,31.0474,3.4461707473048864,3.435515068963618
1965-05-01,31.48,4.6,4.1,31.2898,3.4493524235492026,3.4432921658418905
1965-06-01,31.61,4.6,4.05,31.5321,3.4534735262275262,3.451006074574087
1965-07-01,31.58,4.4,4.09,31.8283,3.452524008827496,3.460355831133805
1965-08-01,31.55,4.4,4.12,31.963,3.4515735889872223,3.464578983826979
1965-09-01,31.62,4.3,4.02,32.0438,3.453789831781326,3.4671037169153425
1965-10-01,31.65,4.2,4.08,32.3669,3.4547381485901854,3.477136295666006
1965-11-01,31.75,4.1,4.1,32.5015,3.457892725338701,3.4812862421167896
1965-12-01,31.85,4,4.32,32.9054,3.4610373820181723,3.4936367780414597
1966-01-01,31.88,4,4.42,33.2286,3.461978853922014,3.503410950874109
1966-02-01,32.08,3.8,4.6,33.444,3.4682327829983137,3.5098723982878117
1966-03-01,32.18,3.8,4.66,33.9018,3.471345141564237,3.5234681103219234
1966-04-01,32.28,3.8,4.67,33.9556,3.474447843401748,3.525053788855813
1966-05-01,32.35,3.9,4.9,34.2787,3.4766140209469096,3.53452417002332
1966-06-01,32.38,3.8,5.17,34.4403,3.477540948249489,3.539227390322985
1966-07-01,32.45,3.8,5.3,34.6288,3.479700443150099,3.544685705778128
1966-08-01,32.65,3.8,5.53,34.6557,3.48584485572244,3.545462214271417
1966-09-01,32.75,3.7,5.4,34.9789,3.488902962081261,3.5547450225551227
1966-10-01,32.85,3.7,5.53,35.2212,3.4919517449306197,3.561648174037894
1966-11-01,32.88,3.6,5.76,34.9788,3.492864570187979,3.5547421636846908
1966-12-01,32.92,3.8,5.4,35.0596,3.494080375808869,3.557049470414885
1967-01-01,32.9,3.9,4.94,35.225,3.493472657771326,3.561756057784744
1967-02-01,33,3.8,5,34.8255,3.4965075614664802,3.5503498770645963
1967-03-01,33,3.8,4.53,34.6292,3.4965075614664802,3.5446972567902852
1967-04-01,33.1,3.8,4.05,34.9558,3.4995332823830174,3.5540844062705004
1967-05-01,33.1,3.8,3.94,34.6508,3.4995332823830174,3.545320813392476
1967-06-01,33.3,3.9,3.98,34.6465,3.505557396986398,3.5451967104330384
1967-07-01,33.4,3.8,3.79,34.5676,3.5085558999826545,3.5429168271671725
1967-08-01,33.5,3.8,3.9,35.2299,3.5115454388310208,3.5618951538591945
1967-09-01,33.6,3.8,3.99,35.1727,3.5145260669691587,3.5602702135136375
1967-10-01,33.7,4,3.88,35.4591,3.517497837358316,3.568379919613306
1967-11-01,33.9,3.9,4.13,35.9663,3.5234150143864045,3.582582388919361
1967-12-01,34,3.8,4.51,36.3536,3.5263605246161616,3.5932932362146017
1968-01-01,34.1,3.7,4.61,36.3145,3.529297384289471,3.5922171105480905
1968-02-01,34.2,3.8,4.71,36.4446,3.5322256440685598,3.5957932993314983
1968-03-01,34.3,3.7,5.05,36.5584,3.535145354171894,3.5989109819521428
1968-04-01,34.4,3.5,5.76,36.6113,3.5380565643793527,3.600356935925355
1968-05-01,34.5,3.5,6.12,37.022,3.5409593240373143,3.611512330537493
1968-06-01,34.7,3.7,6.07,37.158,3.5467396869528134,3.615179091183979
1968-07-01,34.9,3.7,6.03,37.101,3.5524868292083815,3.6136439234280298
1968-08-01,35,3.5,6.03,37.2045,3.5553480614894135,3.616429721705029
1968-09-01,35.1,3.4,5.78,37.3454,3.55820113047182,3.6202097446902144
1968-10-01,35.3,3.4,5.91,37.4196,3.563882963939251,3.6221946313179396
1968-11-01,35.4,3.4,5.82,37.9036,3.5667118201397288,3.6350460943848075
1968-12-01,35.6,3.4,6.02,38.0233,3.572345637857985,3.638199129716627
1969-01-01,35.7,3.4,6.3,38.2533,3.5751506887855933,3.6442298310609176
1969-02-01,35.8,3.4,6.61,38.4981,3.5779478934066544,3.6506088894266044
1969-03-01,36.1,3.4,6.79,38.8,3.586292865338835,3.6584202466292277
1969-04-01,36.3,3.4,7.41,38.6573,3.591817741270805,3.6547356317137627
1969-05-01,36.4,3.4,8.67,38.5111,3.594568774642695,3.6509465114282222
1969-06-01,36.6,3.5,8.9,38.8874,3.6000482404073204,3.6606702907000375
1969-07-01,36.8,3.5,8.61,39.0927,3.6054978451748854,3.6659357487932986
1969-08-01,36.9,3.5,9.19,39.1825,3.6082115510464816,3.668230218546086
1969-09-01,37.1,3.7,9.15,39.1737,3.6136169696133895,3.6680056032626243
1969-10-01,37.3,3.7,9,39.1852,3.6189933266497696,3.668299124485678
1969-11-01,37.5,3.5,8.85,38.8158,3.624340932976365,3.6588273802339386
1969-12-01,37.7,3.5,8.97,38.7116,3.629660094453965,3.656139296724264
1970-01-01,37.9,3.9,8.98,37.9948,3.634951112088381,3.6374493082573873
1970-02-01,38.1,4.2,8.98,37.9698,3.6402142821326553,3.6367911069135364
1970-03-01,38.3,4.4,7.76,37.9205,3.6454498961866,3.6354918629538995
1970-04-01,38.5,4.6,8.1,37.823,3.6506582412937387,3.632917383193866
1970-05-01,38.6,4.8,7.95,37.7789,3.653252276470785,3.6317507457151295
1970-06-01,38.8,4.9,7.61,37.6567,3.6584202466292277,3.6285108932610948
1970-07-01,38.9,5,7.21,37.7491,3.6609942506244004,3.6309616343512285
1970-08-01,39,5.1,6.62,37.6818,3.6635616461296463,3.629177219267816
1970-09-01,39.2,5.4,6.29,37.4221,3.6686767467964168,3.6222614389933647
1970-10-01,39.4,5.5,6.2,36.6735,3.673765816303888,3.602054423397125
1970-11-01,39.6,5.9,5.6,36.4514,3.6788291182604347,3.5959798664962186
1970-12-01,39.8,6.1,4.9,37.2885,3.6838669122903918,3.6186849681202076
1971-01-01,39.9,5.9,4.14,37.5753,3.686376323895818,3.626346919639102
1971-02-01,39.9,5.9,3.72,37.5037,3.686376323895818,3.6244395947757964
1971-03-01,40,6,3.71,37.4631,3.6888794541139363,3.6233564485305427
1971-04-01,40.1,5.9,4.16,37.6735,3.6913763343125234,3.6289569295195547
1971-05-01,40.3,5.9,4.63,37.8646,3.696351468952637,3.6340166386647486
1971-06-01,40.5,5.9,4.91,38.0234,3.7013019741124933,3.6382017596795313
1971-07-01,40.6,6,5.31,37.9131,3.703768066607687,3.6352966988044066
1971-08-01,40.7,6.1,5.57,37.693,3.7062280924485496,3.6294744008213966
1971-09-01,40.8,6,5.55,38.3056,3.708682081410116,3.6455960995975776
1971-10-01,40.9,5.8,5.2,38.5924,3.711130063048756,3.65305536589346
1971-11-01,41,6,4.91,38.756100000000004,3.713572066704308,3.6572881627650684
1971-12-01,41.1,6,4.14,39.2035,3.716008121502189,3.6687660285249706
1972-01-01,41.2,5.8,3.51,40.1408,3.7184382563554808,3.692393273413733
1972-02-01,41.4,5.7,3.3,40.5459,3.7232808808312687,3.7024346657084273
1972-03-01,41.4,5.8,3.83,40.8263,3.7232808808312687,3.7093264815828566
1972-04-01,41.5,5.7,4.17,41.2348,3.7256934272366524,3.719282560024981
1972-05-01,41.6,5.7,4.27,41.2405,3.728100167267218,3.7194207832265715
1972-06-01,41.7,5.7,4.46,41.3497,3.730501128804756,3.7220651663043247
1972-07-01,41.8,5.6,4.55,41.3035,3.7328963395307104,3.7209472421389798
1972-08-01,41.9,5.6,4.81,41.879,3.735285826928092,3.7347845079713173
1972-09-01,42.1,5.5,4.87,42.2132,3.7400477406883357,3.742732968339962
1972-10-01,42.2,5.6,5.05,42.7494,3.742420221041966,3.755355160196557
1972-11-01,42.4,5.3,5.06,43.2548,3.7471483622379123,3.767108209878728
1972-12-01,42.5,5.2,5.33,43.7367,3.7495040759303713,3.7781875665862565
1973-01-01,42.7,4.9,5.94,44.0529,3.754198920234579,3.7853911844944355
1973-02-01,43,5,6.58,44.6827,3.7612001156935624,3.7995864020976686
1973-03-01,43.4,4.9,7.09,44.7045,3.7704594411063592,3.8000741676934635
1973-04-01,43.7,5,7.12,44.6387,3.7773481021015445,3.7986011957852064
1973-05-01,43.9,4.9,7.84,44.9429,3.7819143200811256,3.805392795160272
1973-06-01,44.2,4.9,8.49,45.0035,3.7887247890836524,3.806740264523563
1973-07-01,44.2,4.8,10.4,45.1636,3.7887247890836524,3.8102914526675953
1973-08-01,45,4.8,10.5,45.1019,3.8066624897703196,3.808924374224352
1973-09-01,45.2,4.8,10.78,45.4624,3.8110970868381857,3.816885610695621
1973-10-01,45.6,4.6,10.01,45.847,3.8199077165203406,3.8253097658093353
1973-11-01,45.9,4.8,10.03,46.0553,3.8264651170664994,3.8298428483696942
1973-12-01,46.3,4.9,9.95,45.923,3.835141961092188,3.8269660808877863
1974-01-01,46.8,5.1,9.65,45.6204,3.845883202923601,3.820354984901976
1974-02-01,47.3,5.2,8.97,45.4759,3.856510295497887,3.8171825153023526
1974-03-01,47.8,5.1,9.35,45.4777,3.86702563949741,3.8172220959236856
1974-04-01,48.1,5.1,10.51,45.3451,3.8732821771117156,3.8143021222119082
1974-05-01,48.6,5.1,11.31,45.7044,3.883623530906448,3.8221945733530562
1974-06-01,49,5.4,11.93,45.6238,3.8918202981106265,3.8204295101869055
1974-07-01,49.3,5.5,12.92,45.7221,3.8979240810486444,3.8225817696303093
1974-08-01,49.9,5.5,12.01,45.2366,3.910021002757473,3.8119064936933342
1974-09-01,50.6,5.9,11.34,45.2365,3.92395157629342,3.811904283091509
1974-10-01,51,6,10.06,45.1133,3.9318256327243257,3.8091771032558386
1974-11-01,51.5,6.6,9.45,43.6278,3.9415818076696905,3.775694561844015
1974-12-01,51.9,7.2,8.53,42.0533,3.949318790171843,3.738937861342098
1975-01-01,52.3,8.1,7.13,41.4676,3.9569963710708773,3.7249123994222524
1975-02-01,52.6,8.1,6.24,40.5165,3.9627161197436642,3.701709298552037
1975-03-01,52.8,8.6,5.54,40.0638,3.966511190712216,3.6904731834523936
1975-04-01,53,8.8,5.49,40.1573,3.970291913552122,3.6928042420476666
1975-05-01,53.1,9,5.22,40.0253,3.9721769282478934,3.6895117541701166
1975-06-01,53.5,8.8,5.55,40.2772,3.979681653901961,3.695785552028036
1975-07-01,54,8.6,6.1,40.6994,3.9889840465642745,3.7062133503251427
1975-08-01,54.2,8.4,6.14,41.0998,3.9926809084456005,3.7160032553103006
1975-09-01,54.6,8.4,6.24,41.6304,4.000033882750859,3.728830669616164
1975-10-01,54.9,8.4,5.82,41.8135,4.005513348515485,3.733219253895432
1975-11-01,55.3,8.3,5.22,41.8697,4.012772908528289,3.734562414970752
1975-12-01,55.6,8.2,5.2,42.4414,4.018183201256536,3.7481243009491068
1976-01-01,55.8,7.9,4.87,43.0012,4.021773869387265,3.761228022280914
1976-02-01,55.9,7.7,4.77,43.4229,4.023564380161053,3.7709869517177537
1976-03-01,56,7.6,4.84,43.5168,4.02535169073515,3.7731470704325027
1976-04-01,56.1,7.7,4.82,43.7327,4.027135812528651,3.778096106029701
1976-05-01,56.4,7.4,5.29,43.9186,4.032469158504013,3.7823379205547867
1976-06-01,56.7,7.6,5.48,43.9637,4.037774210733707,3.7833642934184732
1976-07-01,57,7.8,5.31,44.2141,4.04305126783455,3.789043742737414
1976-08-01,57.3,7.8,5.29,44.5182,4.048300623720694,3.795898094323132
1976-09-01,57.6,7.6,5.25,44.6721,4.053522567701846,3.7993491456760835
1976-10-01,57.9,7.7,5.02,44.6585,4.05871738457895,3.7990446587454
1976-11-01,58.1,7.8,4.95,45.3392,4.062165663857866,3.814172000459668
1976-12-01,58.4,7.8,4.65,45.8294,4.067315889834181,3.8249258065741074
1977-01-01,58.7,7.5,4.61,45.5087,4.072439726834051,3.8179035164700426
1977-02-01,59.3,7.6,4.68,46.2277,4.08260930600368,3.833579185518719
1977-03-01,59.6,7.4,4.69,46.8185,4.087655574071304,3.846278423958777
1977-04-01,60,7.2,4.73,47.2684,4.0943445622221,3.8558419961256636
1977-05-01,60.2,7,5.35,47.6411,4.097672352314776,3.8636958340610033
1977-06-01,60.5,7.2,5.39,48.0116,4.102643365036796,3.8714426483778723
1977-07-01,60.8,6.9,5.42,48.073,4.107589788972121,3.8727206889454036
1977-08-01,61.1,7,5.9,48.1205,4.11251186617755,3.873708281742437
1977-09-01,61.3,6.8,6.14,48.3189,4.115779842942166,3.877822788466773
1977-10-01,61.6,6.8,6.47,48.3871,4.120661870539474,3.87923324927182
1977-11-01,62,6.8,6.51,48.4761,4.127134385045092,3.8810708929805884
1977-12-01,62.3,6.4,6.56,48.5629,4.131961425793407,3.882859864902181
1978-01-01,62.7,6.4,6.7,47.8481,4.138361447638875,3.8680314096915853
1978-02-01,63,6.3,6.78,48.1044,4.143134726391533,3.873373649019509
1978-03-01,63.4,6.3,6.79,49.0265,4.14946386144318,3.892360968248713
1978-04-01,63.9,6.1,6.89,50.0206,4.157319361383489,3.91243492057945
1978-05-01,64.5,6,7.36,50.254,4.1666652238017265,3.9170901457611644
1978-06-01,65,5.9,7.6,50.5801,4.174387269895637,3.9235582183058986
1978-07-01,65.5,6.2,7.81,50.5384,4.182050142641207,3.92273344336632
1978-08-01,65.9,5.9,8.04,50.7458,4.188138441508461,3.9268288558765234
1978-09-01,66.5,6,8.45,50.8744,4.197201947661808,3.92935985008142
1978-10-01,67.1,5.8,8.96,51.2559,4.206184043977636,3.936830733343714
1978-11-01,67.5,5.9,9.76,51.6514,4.212127597878484,3.9445173007162087
1978-12-01,67.9,6,10.03,51.909,4.21803603456465,3.949492185542621
1979-01-01,68.5,5.9,10.07,51.6278,4.22683374526818,3.944060287098544
1979-02-01,69.2,5.9,10.06,51.8752,4.237000862623624,3.948840833965117
1979-03-01,69.9,5.8,10.09,52.0446,4.247065649239764,3.9521010432812536
1979-04-01,70.6,5.8,10.01,51.4193,4.257030144499196,3.9400135883650726
1979-05-01,71.4,5.6,10.24,51.8856,4.268297869345539,3.9490412950262272
1979-06-01,72.2,5.7,10.29,51.8965,4.279440045898781,3.9492513505182645
1979-07-01,73,5.7,10.47,51.8097,4.290459441148391,3.9475773904219764
1979-08-01,73.7,6,10.94,51.4684,4.300002799195291,3.9409680271119263
1979-09-01,74.4,5.9,11.43,51.4597,4.309455941839047,3.940798977065909
1979-10-01,75.2,6,13.77,51.8334,4.320151230955794,3.9480347291239855
1979-11-01,76,5.9,13.18,51.7531,4.330733340286331,3.946484333732985
1979-12-01,76.9,6,13.78,51.7878,4.3425058765115985,3.9471546002904345
1980-01-01,78,6.3,13.82,52.0679,4.356708826689592,3.9525486360369553
1980-02-01,79,6.3,14.13,52.082,4.3694478524670215,3.9528193996207155
1980-03-01,80.1,6.3,17.19,51.87,4.383275854074314,3.9487405883633087
1980-04-01,80.9,6.9,17.61,50.8397,4.393213824064446,3.928677545438383
1980-05-01,81.7,7.5,10.98,49.589,4.403054001865957,3.9037690349418006
1980-06-01,82.5,7.6,9.47,48.9482,4.412798293340635,3.8907625960838574
1980-07-01,82.6,7.8,9.03,48.6039,4.414009680526933,3.8837037746004173
1980-08-01,83.2,7.7,9.61,48.7563,4.421247347827163,3.8868344198635105
1980-09-01,83.9,7.5,10.87,49.5608,4.429625613473161,3.903200198680701
1980-10-01,84.7,7.5,12.81,50.1908,4.439115601658009,3.9158317429699765
1980-11-01,85.6,7.5,15.85,51.0311,4.449685283147696,3.932435250791036
1980-12-01,86.4,7.2,18.9,51.3708,4.45898767581001,3.939069917649719
1981-01-01,87.2,7.5,19.08,51.0415,4.468204330914934,3.932639027319428
1981-02-01,88,7.4,15.93,50.824,4.477336814478207,3.9283686839642322
1981-03-01,88.6,7.4,14.7,51.0826,4.484131857611035,3.933443930417109
1981-04-01,89.1,7.2,15.72,50.858,4.489759334476764,3.9290374355872753
1981-05-01,89.7,7.5,18.52,51.1495,4.49647076906475,3.934752717178793
1981-06-01,90.5,7.5,19.1,51.4101,4.505349850705881,3.93983465121238
1981-07-01,91.5,7.2,19.04,51.7471,4.516338972281476,3.946368391927912
1981-08-01,92.2,7.4,17.82,51.6826,4.523960130562548,3.9451211678063842
1981-09-01,93.1,7.6,15.87,51.4337,4.533674184283021,3.9402935996451345
1981-10-01,93.4,7.9,15.08,51.0281,4.536891345234797,3.932376461382519
1981-11-01,93.8,8.3,13.31,50.435,4.541164856012179,3.9206853785067985
1981-12-01,94.1,8.5,12.37,49.8987,4.544358046591334,3.9099949503139024
1982-01-01,94.4,8.6,13.22,48.8685,4.547541073151455,3.8891330171339002
1982-02-01,94.7,8.9,14.78,49.8636,4.550714000192032,3.9092912776550257
1982-03-01,94.7,9,14.68,49.5323,4.550714000192032,3.902624982025135
1982-04-01,95,9.3,14.94,49.075,4.553876891600541,3.8933497401625248
1982-05-01,95.9,9.4,14.45,48.7483,4.563305981889393,3.8866703250409493
1982-06-01,97,9.6,14.15,48.6214,4.574710978503383,3.884063763208094
1982-07-01,97.5,9.8,12.59,48.4616,4.579852378003801,3.880771731764505
1982-08-01,97.7,9.8,10.12,48.0192,4.581901559048737,3.8716009309292176
1982-09-01,97.7,10.1,10.31,47.9008,4.581901559048737,3.8691322057387794
1982-10-01,98.1,10.4,9.71,47.4371,4.585987366571318,3.8594046229727352
1982-11-01,98,10.8,9.2,47.283,4.584967478670572,3.8561508228615136
1982-12-01,97.7,10.8,8.95,46.9485,4.581901559048737,3.8490512562621064
1983-01-01,97.9,10.4,8.68,47.8234,4.583946549536464,3.867515059460873
1983-02-01,98,10.4,8.51,47.5233,4.584967478670572,3.8612201170876803
1983-03-01,98.1,10.3,8.77,47.9244,4.585987366571318,3.8696247692915224
1983-04-01,98.8,10.2,8.8,48.5311,4.593097604753822,3.8822048295521685
1983-05-01,99.2,10.1,8.63,48.8239,4.597138014290827,3.888219947067067
1983-06-01,99.4,10.1,8.98,49.123,4.599152113662528,3.894327356892457
1983-07-01,99.8,9.4,9.37,49.8546,4.603168183317418,3.909110768981094
1983-08-01,100.1,9.5,9.56,50.4443,4.6061696863211745,3.9208697572649056
1983-09-01,100.4,9.2,9.45,51.178,4.609162207257629,3.935309752203335
1983-10-01,100.8,8.8,9.48,51.5693,4.613138355637268,3.9429265341875355
1983-11-01,101.1,8.5,9.34,51.7993,4.616110126026426,3.9473766356606155
1983-12-01,101.4,8.3,9.47,52.0594,4.619073091157083,3.952385374336731
1984-01-01,102.1,8,9.56,53.0985,4.625952725170619,3.972148679261324
1984-02-01,102.6,7.8,9.59,53.3318,4.630837932736669,3.9765327761524283
1984-03-01,102.9,7.8,9.91,53.5929,4.633757642840004,3.9814165966162327
1984-04-01,103.3,7.7,10.29,53.91,4.637637376125593,3.9873159894635775
1984-05-01,103.5,7.4,10.32,54.2026,4.639571612705423,3.9927288777747587
1984-06-01,103.7,7.2,11.06,54.4014,4.641502115235482,3.9963898888248677
1984-07-01,104.1,7.5,11.23,54.5521,4.645351975620923,3.9991562083300316
1984-08-01,104.4,7.5,11.64,54.6083,4.648229675448539,4.000185885849818
1984-09-01,104.7,7.3,11.3,54.4466,4.651099117876491,3.9972204048214515
1984-10-01,105.1,7.4,9.99,54.4406,4.6549122778829055,3.997110199030393
1984-11-01,105.3,7.2,9.43,54.624,4.6568134191399295,4.00047334661203
1984-12-01,105.5,7.3,8.38,54.6416,4.658710952916121,4.000795497410675
1985-01-01,105.7,7.3,8.35,54.6322,4.660604892876192,4.000623452510192
1985-02-01,106.3,7.2,8.5,54.7825,4.666265285347902,4.0033707998874215
1985-03-01,106.8,7.2,8.58,54.8653,4.6709579265260945,4.004881090394641
1985-04-01,107,7.3,8.27,54.7459,4.672828834461906,4.002702480047777
1985-05-01,107.2,7.2,7.97,54.8255,4.674696248636701,4.004155414189406
1985-06-01,107.5,7.4,7.53,54.7989,4.677490847567717,4.0036701207598036
1985-07-01,107.7,7.4,7.88,54.5396,4.679349584162343,3.998927043323808
1985-08-01,107.9,7.1,7.9,54.7055,4.681204872264089,4.001964252819349
1985-09-01,108.1,7.1,7.92,54.8906,4.683056724645162,4.00534211345487
1985-10-01,108.5,7.1,7.99,54.7199,4.686750172980514,4.002227445827245
1985-11-01,109,7,8.05,54.9124,4.6913478822291435,4.00573918822125
1985-12-01,109.5,7,8.27,55.4412,4.695924549256556,4.015322999669043
1986-01-01,109.9,6.7,8.14,55.7481,4.699570861409576,4.020843329041979
1986-02-01,109.7,7.2,7.86,55.3568,4.697749367281185,4.013799506170521
1986-03-01,109.1,7.2,7.48,54.9625,4.692264892839025,4.006651134506929
1986-04-01,108.7,7.1,6.99,55.0413,4.688591794127164,4.008083812532206
1986-05-01,109,7.2,6.85,55.1226,4.6913478822291435,4.009559795404264
1986-06-01,109.4,7.2,6.92,54.9005,4.695010889987881,4.0055224559421365
1986-07-01,109.5,7,6.56,55.2592,4.695924549256556,4.012034842372743
1986-08-01,109.6,6.9,6.17,55.1567,4.696837374513915,4.010178225174616
1986-09-01,110,7,5.89,55.2975,4.700480365792417,4.012727699549778
1986-10-01,110.2,7,5.85,55.5332,4.702296896718814,4.016981040101366
1986-11-01,110.4,6.9,6.04,55.7557,4.704110133842995,4.020979647266322
1986-12-01,110.8,6.6,6.91,56.2845,4.707726774313183,4.0304191864058465
1987-01-01,111.4,6.6,6.43,56.0882,4.713127327493184,4.026925451723441
1987-02-01,111.8,6.6,6.1,56.8275,4.716711560720999,4.040020363491501
1987-03-01,112.2,6.6,6.13,56.9098,4.720282993088596,4.041467558288
1987-04-01,112.7,6.3,6.37,57.2701,4.724729421045731,4.047778672519136
1987-05-01,113,6.3,6.85,57.6322,4.727387818712341,4.054081439281805
1987-06-01,113.5,6.2,6.73,57.9307,4.7318028369214575,4.059247468584639
1987-07-01,113.8,6.1,6.58,58.3258,4.73444252169223,4.066044534058605
1987-08-01,114.3,6,6.73,58.7636,4.738826570800765,4.073522615596443
1987-09-01,114.7,5.9,7.22,58.9951,4.742320024135325,4.07745438960935
1987-10-01,115,6,7.29,59.781,4.74493212836325,4.090687884718557
1987-11-01,115.4,5.8,6.69,60.0726,4.748404354073999,4.095553830762086
1987-12-01,115.6,5.7,6.77,60.4095,4.750135956238277,4.101146377341029
1988-01-01,116,5.7,6.83,60.3976,4.7535901911063645,4.100949369051971
1988-02-01,116.2,5.7,6.58,60.7003,4.755312844417811,4.105948640392613
1988-03-01,116.5,5.7,6.58,60.8501,4.757891273005756,4.10841346281756
1988-04-01,117.2,5.4,6.87,61.2031,4.763881877142913,4.114197841830202
1988-05-01,117.5,5.6,7.09,61.0797,4.7664383335842135,4.112179568747014
1988-06-01,118,5.4,7.51,61.2569,4.770684624465665,4.115076496141182
1988-07-01,118.5,5.4,7.75,61.2659,4.774912960575186,4.11522340757344
1988-08-01,119,5.6,8.01,61.5731,4.77912349311153,4.120225086851677
1988-09-01,119.5,5.4,8.19,61.3807,4.783316371371566,4.117095453492804
1988-10-01,119.9,5.4,8.3,61.6453,4.786658062033468,4.121396989883417
1988-11-01,120.3,5.3,8.35,61.7944,4.789988622980633,4.123812745471137
1988-12-01,120.7,5.3,8.76,62.0743,4.793308128103486,4.128332054649214
1989-01-01,121.2,5.4,9.12,62.2574,4.797442073635214,4.131277403781692
1989-02-01,121.6,5.2,9.36,61.9819,4.800736969532067,4.126842406939762
1989-03-01,122.2,5,9.85,62.1369,4.805659046737495,4.129340015369343
1989-04-01,123.1,5.2,9.84,62.1276,4.812997033190408,4.129190334647699
1989-05-01,123.7,5.2,9.81,61.7744,4.8178592793984425,4.123489039160569
1989-06-01,124.1,5.3,9.53,61.7697,4.821087692210561,4.123412952969447
1989-07-01,124.5,5.2,9.24,61.1738,4.824305715904762,4.113718993280192
1989-08-01,124.5,5.2,8.99,61.7732,4.824305715904762,4.123469613449345
1989-09-01,124.8,5.3,9.02,61.5796,4.826712455935327,4.120330646859798
1989-10-01,125.4,5.3,8.84,61.4966,4.83150862819882,4.11898188873138
1989-11-01,125.9,5.4,8.55,61.7044,4.835487941050301,4.1223552411725946
1989-12-01,126.3,5.4,8.45,62.0428,4.838660029356445,4.127824469462704
1990-01-01,127.5,5.4,8.23,61.729,4.848116364598481,4.122753836695779
1990-02-01,128,5.3,8.24,62.2896,4.852030263919617,4.131794477668938
1990-03-01,128.6,5.2,8.28,62.5999,4.856706811803519,4.136763680660687
1990-04-01,128.9,5.4,8.26,62.4359,4.859036909945142,4.134140430454805
1990-05-01,129.1,5.4,8.18,62.6258,4.860587297852597,4.137177333774534
1990-06-01,129.9,5.2,8.29,62.8382,4.866764923676554,4.140563168801484
1990-07-01,130.5,5.5,8.15,62.7284,4.871373226762748,4.13881429564595
1990-08-01,131.6,5.7,8.13,62.9475,4.879767018891217,4.142301045642955
1990-09-01,132.5,5.9,8.2,62.9523,4.886582645426277,4.142377296756973
1990-10-01,133.4,5.9,8.11,62.5845,4.893352133481524,4.136517643613296
1990-11-01,133.7,6.2,7.81,61.7887,4.895598484107897,4.12372049984849
1990-12-01,134.2,6.3,7.31,61.3352,4.8993312245375815,4.116353903260356
1991-01-01,134.7,6.4,6.91,61.1355,4.903050083416319,4.113092712183793
1991-02-01,134.8,6.6,6.25,60.6838,4.9037921984782065,4.105676776118765
1991-03-01,134.8,6.8,6.12,60.3346,4.9037921984782065,4.099905736852473
1991-04-01,135.1,6.7,5.91,60.4938,4.906015244966153,4.102540880446586
1991-05-01,135.6,6.9,5.78,61.0633,4.909709375506295,4.111911031047784
1991-06-01,136,6.9,5.9,61.5581,4.912654885736052,4.1199814442968385
1991-07-01,136.2,6.8,5.82,61.7305,4.9141243937154115,4.122778136162407
1991-08-01,136.6,6.9,5.66,61.7298,4.91705694713669,4.122766796484794
1991-09-01,137,6.9,5.45,62.2195,4.919980925828125,4.1306684554359165
1991-10-01,137.2,7,5.21,62.1855,4.921439715291784,4.130121853597622
1991-11-01,137.8,7,4.81,62.0871,4.925803358579558,4.128538237892079
1991-12-01,138.2,7.3,4.43,61.7852,4.92870191133357,4.123663853582556
1992-01-01,138.3,7.3,4.03,61.4616,4.929425238670713,4.118412589555801
1992-02-01,138.6,7.4,4.06,61.8955,4.931592086755803,4.125447479148091
1992-03-01,139.1,7.4,3.98,62.4232,4.935193098929397,4.13393700114859
1992-04-01,139.4,7.4,3.73,62.897,4.937347498326424,4.141498467815387
1992-05-01,139.7,7.6,3.82,63.104,4.939497266262916,4.14478415898017
1992-06-01,140.1,7.8,3.76,63.1363,4.942356453342962,4.145295881476153
1992-07-01,140.5,7.7,3.25,63.7176,4.945207488773801,4.154460819549085
1992-08-01,140.8,7.6,3.3,63.3613,4.9473404437239425,4.148853264972454
1992-09-01,141.1,7.6,3.22,63.5703,4.9494688588587685,4.152146380144355
1992-10-01,141.7,7.3,3.1,63.9995,4.953712146696635,4.158875270829154
1992-11-01,142.1,7.4,3.09,64.2422,4.956531035103055,4.162660315627448
1992-12-01,142.3,7.4,2.92,64.3507,4.957937505095806,4.164347811993848
1993-01-01,142.8,7.3,3.02,64.5978,4.9614450499054845,4.168180354481093
1993-02-01,143.1,7.1,3.03,64.9089,4.963543686562405,4.172984748360418
1993-03-01,143.3,7,3.07,64.8522,4.964940334834126,4.172110834628049
1993-04-01,143.8,7.1,2.96,65.0301,4.9684234452869465,4.174850239631685
1993-05-01,144.2,7.1,3,64.784,4.971201224850849,4.171058659289805
1993-06-01,144.3,7,3.04,64.9301,4.971894465779825,4.173311306639339
1993-07-01,144.5,6.9,3.06,65.1052,4.973279507552487,4.176004423136652
1993-08-01,144.8,6.8,3.03,65.0267,4.975353479951616,4.174797954783822
1993-09-01,145,6.7,3.09,65.3717,4.976733742420574,4.180089443099557
1993-10-01,145.6,6.8,2.99,65.8509,4.980863135762585,4.18739309552186
1993-11-01,146,6.6,3.02,66.1518,4.983606621708336,4.191952101075109
1993-12-01,146.3,6.5,2.96,66.5436,4.9856593080260785,4.197857371922138
1994-01-01,146.3,6.6,3.05,66.7351,4.9856593080260785,4.2007310513890666
1994-02-01,146.7,6.6,3.25,66.774,4.9883896851489355,4.2013137832193435
1994-03-01,147.1,6.5,3.34,67.4552,4.991112627607392,4.211463673825975
1994-04-01,147.2,6.4,3.56,67.8541,4.991792206294776,4.2173598118686275
1994-05-01,147.5,6.1,4.01,68.1663,4.993828175779875,4.221950307827175
1994-06-01,147.9,6.1,4.25,68.6265,4.996536369716754,4.228678757514311
1994-07-01,148.4,6.1,4.26,68.7178,4.99991133073328,4.23000826319381
1994-08-01,149,6,4.47,69.1785,5.003946305945459,4.2366901207067365
1994-09-01,149.3,5.9,4.73,69.3961,5.005957704545144,4.239830669968288
1994-10-01,149.4,5.8,4.76,69.9544,5.006627272698717,4.247843601206147
1994-11-01,149.8,5.6,5.29,70.4326,5.00930107108312,4.254656224162832
1994-12-01,150.1,5.5,5.45,71.1523,5.011301738639416,4.264822650085065
1995-01-01,150.5,5.6,5.53,71.2734,5.01396308418893,4.266523186283003
1995-02-01,150.9,5.4,5.92,71.193,5.016617365773803,4.265394498977991
1995-03-01,151.2,5.4,5.98,71.3113,5.018603463745433,4.267054800136278
1995-04-01,151.8,5.8,6.05,71.1882,5.02256386496153,4.265327074346062
1995-05-01,152.1,5.6,6.01,71.5378,5.024538199265247,4.270225981331181
1995-06-01,152.4,5.6,6,71.7749,5.026508643252546,4.273534832763384
1995-07-01,152.6,5.7,5.85,71.4748,5.027820118850356,4.269344940023278
1995-08-01,152.9,5.7,5.74,72.4223,5.029784112935016,4.282514263015729
1995-09-01,153.1,5.6,5.8,72.7144,5.031091302663638,4.286539439203208
1995-10-01,153.5,5.5,5.76,72.5866,5.033700567027251,4.2847803317923026
1995-11-01,153.7,5.6,5.8,72.7779,5.03500265054455,4.287412337686935
1995-12-01,153.9,5.6,5.6,73.0305,5.0363030408448335,4.290877162110019
1996-01-01,154.7,5.6,5.56,72.6125,5.04148775757902,4.285137083318651
1996-02-01,155,5.5,5.22,73.6752,5.043425116919247,4.299666243245117
1996-03-01,155.5,5.5,5.31,73.585,5.0466457316192885,4.298441200616076
1996-04-01,156.1,5.6,5.22,74.3172,5.050496827521386,4.308342418876597
1996-05-01,156.4,5.6,5.24,74.8726,5.052416828111211,4.315788002499521
1996-06-01,156.7,5.3,5.27,75.4433,5.054333149361975,4.323381380740705
1996-07-01,157,5.5,5.4,75.4549,5.056245805348308,4.323535126776415
1996-08-01,157.2,5.1,5.22,75.8411,5.057518879995106,4.32864036206099
1996-09-01,157.7,5.2,5.3,76.3158,5.060694493968993,4.334879994179205
1996-10-01,158.2,5.2,5.24,76.3384,5.063860055333554,4.335176088229223
1996-11-01,158.7,5.4,5.31,77.0397,5.0670156275323635,4.3443208734012915
1996-12-01,159.1,5.4,5.29,77.5333,5.069532935343741,4.350707521493748
1997-01-01,159.4,5.3,5.25,77.6562,5.071416766356115,4.352291391867616
1997-02-01,159.7,5.2,5.19,78.5833,5.073297055220967,4.364159208667212
1997-03-01,159.8,5.2,5.39,79.082,5.073923033332174,4.3704852888273225
1997-04-01,159.9,5.1,5.51,79.1747,5.074548619839908,4.371656803342691
1997-05-01,159.9,4.9,5.5,79.6133,5.074548619839908,4.377181164320258
1997-06-01,160.2,5,5.56,79.9792,5.076423034634259,4.381766600868022
1997-07-01,160.4,4.9,5.52,80.6624,5.077670695432414,4.3902725435277326
1997-08-01,160.8,4.8,5.54,81.4694,5.080161356744866,4.400227489621318
1997-09-01,161.2,4.9,5.54,82.2156,5.0826458300725275,4.409345065077892
1997-10-01,161.5,4.7,5.5,82.9446,5.084505142662711,4.418172915059888
1997-11-01,161.7,4.6,5.52,83.5978,5.085742766583061,4.426017203954916
1997-12-01,161.8,4.7,5.5,83.9538,5.086361004624392,4.430266647537833
1998-01-01,162,4.6,5.56,84.3218,5.087596335232384,4.434640431813779
1998-02-01,162,4.6,5.51,84.4583,5.087596335232384,4.4362579214320474
1998-03-01,162,4.7,5.49,84.488,5.087596335232384,4.436609512444173
1998-04-01,162.2,4.3,5.45,84.7779,5.088830141681313,4.440034895624787
1998-05-01,162.6,4.4,5.49,85.3367,5.0912931971137105,4.446604608158198
1998-06-01,162.8,4.5,5.56,84.8248,5.09252245356844,4.440587952872053
1998-07-01,163.2,4.5,5.54,84.4986,5.094976442530006,4.436734966178539
1998-08-01,163.4,4.5,5.55,86.248,5.096201182425903,4.457226867236817
1998-09-01,163.5,4.6,5.51,86.2021,5.096812990337308,4.456694539321856
1998-10-01,163.9,4.5,5.07,86.7914,5.099256485749784,4.4635075384167076
1998-11-01,164.1,4.4,4.83,86.7256,5.100475998096045,4.462749111252175
1998-12-01,164.4,4.4,4.68,87.1185,5.10230248262208,4.467269260845626
1999-01-01,164.7,4.3,4.63,87.4949,5.104125637183595,4.471580505950604
1999-02-01,164.7,4.4,4.76,88.027,5.104125637183595,4.477643585600952
1999-03-01,164.8,4.2,4.81,88.2267,5.1047326174753715,4.479909638290398
1999-04-01,165.9,4.3,4.74,88.4295,5.111385197196399,4.482205624381904
1999-05-01,166,4.2,4.74,88.9886,5.111987788356544,4.488508271640289
1999-06-01,166,4.3,4.76,88.9188,5.111987788356544,4.487723593728281
1999-07-01,166.7,4.3,4.99,89.4333,5.116195789756748,4.493493096046292
1999-08-01,167.1,4.2,5.07,89.7924,5.118592435601348,4.497500339209917
1999-09-01,167.8,4.2,5.22,89.4299,5.122772794033106,4.493455078164464
1999-10-01,168.1,4.1,5.2,90.523,5.12455904041457,4.5056039620632635
1999-11-01,168.4,4.1,5.42,90.9618,5.126342101808226,4.510439638164688
1999-12-01,168.8,4,5.3,91.6634,5.128714582161857,4.518123171999835
2000-01-01,169.3,4,5.45,91.538,5.13167228913909,4.516754186614521
2000-02-01,170,4.1,5.73,91.8239,5.135798437050262,4.5198726123255115
2000-03-01,171,4,5.85,92.1504,5.14166355650266,4.523422024855191
2000-04-01,170.9,3.8,6.02,92.6989,5.141078590121546,4.529356606266238
2000-05-01,171.2,4,6.27,92.9499,5.1428324637076415,4.532060638319645
2000-06-01,172.2,4,6.53,92.9862,5.14865659199363,4.532451095046027
2000-07-01,172.7,4,6.54,92.8048,5.1515559851526325,4.530498362592438
2000-08-01,172.7,4.1,6.5,92.5521,5.1515559851526325,4.527771729199683
2000-09-01,173.6,3.9,6.52,92.9792,5.15675380222625,4.532375812224564
2000-10-01,173.9,3.9,6.51,92.6179,5.158480421360237,4.528482427506857
2000-11-01,174.2,3.9,6.51,92.6438,5.160204064418402,4.528762031981702
2000-12-01,174.6,3.9,6.4,92.3415,5.162497643405501,4.525493661261395
2001-01-01,175.6,4.2,5.98,91.902,5.168208681201016,4.5207227919104715
2001-02-01,176,4.2,5.49,91.3034,5.170483995038151,4.514188026776101
2001-03-01,176.1,4.3,5.31,91.1162,5.17105201550216,4.512135615020859
2001-04-01,176.4,4.4,4.8,90.7891,5.172754143572691,4.50853923434852
2001-05-01,177.3,4.3,4.21,90.3555,5.177843213080163,4.503751889562889
2001-06-01,177.7,4.5,3.97,89.8784,5.180096735160606,4.498457645645551
2001-07-01,177.4,4.6,3.77,89.3028,5.178407069875479,4.4920328423740985
2001-08-01,177.4,4.9,3.65,89.2003,5.178407069875479,4.490884402809008
2001-09-01,178.1,5,3.07,88.7485,5.182345190295616,4.485806526804244
2001-10-01,177.6,5.3,2.49,88.5052,5.17953383055807,4.483061307349902
2001-11-01,177.5,5.5,2.09,87.97,5.178970608915471,4.476995847264583
2001-12-01,177.4,5.7,1.82,87.9324,5.178407069875479,4.4765683374571825
2002-01-01,177.7,5.7,1.73,88.5176,5.180096735160606,4.483201402298353
2002-02-01,178,5.7,1.74,88.5278,5.181783550292085,4.483316626980963
2002-03-01,178.5,5.7,1.73,89.1686,5.184588601219693,4.490528959675886
2002-04-01,179.3,5.9,1.75,89.604,5.189060380611087,4.4953999618415645
2002-05-01,179.5,5.8,1.75,89.964,5.190175207928333,4.499409590308925
2002-06-01,179.6,5.8,1.75,90.7061,5.190732155868099,4.507624609545373
2002-07-01,180,5.8,1.73,90.6769,5.19295685089021,4.507302638905873
2002-08-01,180.5,5.7,1.74,90.5762,5.195730777772936,4.50619148538231
2002-09-01,180.8,5.7,1.75,90.6531,5.1973914479580765,4.507040134078909
2002-10-01,181.2,5.7,1.75,90.4643,5.199601393608879,4.504955297741974
2002-11-01,181.5,5.9,1.34,90.9711,5.201255653704905,4.510541873659292
2002-12-01,181.8,6,1.24,90.4652,5.202907181743378,4.504965246368373
2003-01-01,182.6,5.8,1.24,91.2361,5.207297968160868,4.513450652092272
2003-02-01,183.6,5.9,1.26,91.3445,5.21275947818639,4.514638073020199
2003-03-01,183.9,5.9,1.25,91.1044,5.214392131610276,4.512006101672571
2003-04-01,183.2,6,1.26,90.5617,5.21057845224003,4.506031386363485
2003-05-01,182.9,6.1,1.26,90.537,5.20893955539682,4.505758606932676
2003-06-01,183.1,6.3,1.22,90.6527,5.210032451680465,4.507035721644227
2003-07-01,183.7,6.2,1.01,91.1185,5.21330399222108,4.512160857194826
2003-08-01,184.5,6.1,1.03,90.9197,5.217649463480582,4.509976699374851
2003-09-01,185.1,6.1,1.01,91.5059,5.220896219579452,4.51640345107699
2003-10-01,184.9,6,1.01,91.6186,5.219815138393079,4.517634307835408
2003-11-01,185,5.8,1,92.2329,5.220355825078324,4.524316899884605
2003-12-01,185.5,5.7,0.98,92.2602,5.22305488204749,4.524612845914015
2004-01-01,186.3,5.7,1,92.4006,5.227358277607543,4.526133472133049
2004-02-01,186.7,5.6,1.01,92.958,5.2295030505476765,4.5321477782422095
2004-03-01,187.1,5.8,1,92.5861,5.231643233280044,4.528139022393441
2004-04-01,187.4,5.6,1,92.93,5.2332453698043215,4.531846521569248
2004-05-01,188.2,5.6,1,93.6013,5.23750522715128,4.539044272275985
2004-06-01,188.9,5.6,1.03,92.871,5.241217774507464,4.531211433469797
2004-07-01,189.1,5.5,1.26,93.5649,5.242275975664412,4.5386553131534635
2004-08-01,189.2,5.4,1.43,93.6277,5.2428046566177775,4.5393262798728315
2004-09-01,189.8,5.4,1.61,93.7467,5.245970886175828,4.540596464230986
2004-10-01,190.8,5.5,1.76,94.5465,5.251225759014186,4.549091776968219
2004-11-01,191.7,5.4,1.93,94.7813,5.255931650051599,4.5515721324192135
2004-12-01,191.7,5.4,2.16,95.5365,5.255931650051599,4.559508373420149
2005-01-01,191.6,5.3,2.28,95.8801,5.25540986553676,4.563098452536019
2005-02-01,192.4,5.4,2.5,96.5761,5.259576538231606,4.5703312985987905
2005-03-01,193.1,5.2,2.63,96.4456,5.263208189434469,4.568979118819173
2005-04-01,193.7,5.2,2.79,96.6532,5.2663105704129505,4.571129314262995
2005-05-01,193.6,5.1,3,96.7402,5.265794174842477,4.572029034789847
2005-06-01,193.7,5,3.04,97.1753,5.2663105704129505,4.576516563947311
2005-07-01,194.9,5,3.26,96.8676,5.272486606513515,4.573345097659094
2005-08-01,196.1,4.9,3.5,97.1833,5.2786247332023,4.576598886005656
2005-09-01,198.8,5,3.62,95.3005,5.292299294222474,4.55703505723611
2005-10-01,199.1,5,3.78,96.4572,5.293807211070151,4.5690993866433205
2005-11-01,198.1,5,4,97.5414,5.288771953704505,4.580276903264815
2005-12-01,198.1,4.9,4.16,98.0452,5.288771953704505,4.585428596829047
2006-01-01,199.3,4.7,4.29,98.1999,5.294811227218749,4.587005197029963
2006-02-01,199.4,4.8,4.49,98.2413,5.295312857527738,4.587426697210301
2006-03-01,199.7,4.7,4.59,98.4628,5.296816240421769,4.589678811870047
2006-04-01,200.7,4.7,4.79,98.7618,5.301811255802292,4.592710890313318
2006-05-01,201.3,4.6,4.94,98.7869,5.304796332645746,4.592965004869729
2006-06-01,201.8,4.6,4.99,99.0997,5.307277107919509,4.596126414086154
2006-07-01,202.9,4.7,5.24,99.0489,5.312713246831769,4.595613667580622
2006-08-01,203.8,4.7,5.25,99.4836,5.3171391207886245,4.599992806458956
2006-09-01,202.8,4.5,5.25,99.3183,5.312220271717028,4.598329844102016
2006-10-01,201.9,4.4,5.25,99.2044,5.307772525318792,4.59718236814589
2006-11-01,202,4.5,5.25,99.1627,5.308267697401205,4.596761935517553
2006-12-01,203.1,4.4,5.24,100.1735,5.313698468586339,4.606903682614242
2007-01-01,203.437,4.6,5.25,99.8346,5.315356374642572,4.603514816619926
2007-02-01,204.226,4.5,5.26,100.7753,5.319227223776111,4.6128932859276
2007-03-01,205.288,4.4,5.26,100.9547,5.324413871269311,4.614671901376903
2007-04-01,205.904,4.5,5.25,101.6334,5.327410040751309,4.621372221278656
2007-05-01,206.755,4.4,5.25,101.7306,5.331534517408233,4.622328142753466
2007-06-01,207.234,4.6,5.25,101.7893,5.333848589587692,4.622904990537174
2007-07-01,207.603,4.7,5.26,101.6672,5.335627602054373,4.6217047338271815
2007-08-01,207.667,4.6,5.02,101.863,5.3359358352544914,4.6236287732120305
2007-09-01,208.547,4.7,4.94,102.0894,5.34016443549993,4.625848899996448
2007-10-01,209.19,4.7,4.76,101.8015,5.343242929901029,4.623024838781934
2007-11-01,210.834,4.7,4.49,102.3446,5.351071093983903,4.628345550578648
2007-12-01,211.445,5,4.24,102.3803,5.353964917386851,4.628694311284961
2008-01-01,212.174,5,3.94,102.2448,5.357406692754025,4.6273699378839925
2008-02-01,212.687,4.9,2.98,101.8438,5.359821601391479,4.623440266985858
2008-03-01,213.448,5.1,2.61,101.5336,5.363393243284224,4.620389778184776
2008-04-01,213.942,5,2.28,100.8785,5.365704950249732,4.61391682239465
2008-05-01,215.208,5.4,1.98,100.2674,5.371605002317856,4.607840617210616
2008-06-01,217.463,5.6,2,100.0335,5.382028721115022,4.60550512988812
2008-07-01,219.016,5.8,2.01,99.676,5.389144786508527,4.601924925823062
2008-08-01,218.69,6.1,2,98.1111,5.387655201900231,4.5861005100174514
2008-09-01,218.877,6.1,1.81,93.7895,5.3885099281999045,4.541052909447889
2008-10-01,216.995,6.5,0.97,94.7219,5.3798743118003465,4.5509452300561355
2008-11-01,213.153,6.8,0.39,93.4715,5.362010217707528,4.537656576995542
2008-12-01,211.398,7.3,0.16,90.8357,5.353742612653447,4.509052380141634
2009-01-01,211.933,7.8,0.15,88.57,5.3562701869857134,4.483793199821491
2009-02-01,212.705,8.3,0.22,88.031,5.359906229217159,4.47768902517201
2009-03-01,212.495,8.7,0.18,86.6528,5.358918458675886,4.461909329546052
2009-04-01,212.709,9,0.15,85.9344,5.359925034428083,4.453584214482981
2009-05-01,213.022,9.4,0.18,85.0665,5.3613954467607305,4.443433303552957
2009-06-01,214.79,9.5,0.21,84.7459,5.369660806616172,4.439657367509206
2009-07-01,214.726,9.5,0.16,85.7027,5.369362796761016,4.450884330358329
2009-08-01,215.445,9.6,0.16,86.6426,5.372705656551895,4.461791611476078
2009-09-01,215.861,9.8,0.15,87.4063,5.374634682018732,4.470567362443543
2009-10-01,216.509,10,0.12,87.6419,5.377632117017317,4.473259194090623
2009-11-01,217.234,9.9,0.12,88.0221,5.380975113562248,4.477587919312385
2009-12-01,217.347,9.9,0.12,88.3793,5.3814951547170455,4.481637779327259
2010-01-01,217.488,9.8,0.11,89.3426,5.382143676592892,4.492478417806307
2010-02-01,217.281,9.8,0.13,89.6779,5.381191446716147,4.496224361897403
2010-03-01,217.353,9.9,0.16,90.2928,5.381522759962044,4.503057723024729
2010-04-01,217.403,9.9,0.2,90.5991,5.38175277403992,4.506444279224759
2010-05-01,217.29,9.6,0.2,91.823,5.381232866875345,4.519862810907681
2010-06-01,217.199,9.4,0.18,91.9928,5.380813983997617,4.521710313116934
2010-07-01,217.605,9.4,0.18,92.3421,5.382681492658975,4.525500158860533
2010-08-01,217.923,9.5,0.19,92.6805,5.384141789386214,4.529158094456831
2010-09-01,218.275,9.5,0.19,92.9537,5.385755735696871,4.5321015197227
2010-10-01,219.035,9.4,0.19,92.6903,5.389231534398666,4.529263828477605
2010-11-01,219.59,9.8,0.19,92.7709,5.3917621712579,4.530133013030216
2010-12-01,220.472,9.3,0.18,93.6787,5.395770702696749,4.539870842164994
2011-01-01,221.187,9.1,0.17,93.4814,5.399008497577555,4.537762486024065
2011-02-01,221.898,9,0.16,93.1102,5.402217816828981,4.533783737895124
2011-03-01,223.046,9,0.14,94.0788,5.407378028214637,4.544132728966929
2011-04-01,224.093,9.1,0.1,93.7749,5.412061144263693,4.5408972295850845
2011-05-01,224.806,9,0.09,93.888,5.415237808054813,4.542102582520517
2011-06-01,224.806,9.1,0.09,94.172,5.415237808054813,4.545122897482703
2011-07-01,225.395,9,0.07,94.636,5.4178544185734765,4.550037953350042
2011-08-01,226.106,9,0.1,95.2749,5.4210039158623875,4.556766397166091
2011-09-01,226.597,9,0.08,95.1961,5.423173109318271,4.55593897457162
2011-10-01,226.75,8.8,0.07,95.8568,5.423848088995246,4.562855411158854
2011-11-01,227.169,8.6,0.08,95.8485,5.425694233875741,4.56276881991693
2011-12-01,227.223,8.5,0.07,96.3571,5.42593191411771,4.568061081818492
2012-01-01,227.842,8.3,0.08,96.9318,5.4286524062749715,4.57400763843423
2012-02-01,228.329,8.3,0.1,97.2435,5.430787571311839,4.577218142218522
2012-03-01,228.807,8.2,0.13,96.74,5.4328788534432375,4.572026967394837
2012-04-01,229.187,8.2,0.14,97.4359,5.434538264209312,4.57919472590062
2012-05-01,228.713,8.2,0.16,97.6609,5.43246794243903,4.581501274237169
2012-06-01,228.524,8.2,0.16,97.6663,5.431641237641456,4.581556566075699
2012-07-01,228.59,8.2,0.16,97.8713,5.431930005871957,4.583653350275842
2012-08-01,229.918,8.1,0.13,97.4525,5.43772272361508,4.579365079806139
2012-09-01,231.015,7.8,0.14,97.381,5.442482643478538,4.578631119750915
2012-10-01,231.638,7.8,0.16,97.7193,5.445175808232938,4.5820990830401005
2012-11-01,231.249,7.7,0.16,98.0777,5.443495052058861,4.585760021668242
2012-12-01,231.221,7.9,0.16,98.3101,5.443373963123214,4.588126768568835
2013-01-01,231.679,8,0.14,98.3342,5.445352792889694,4.5883718811921925
2013-02-01,232.937,7.7,0.15,98.7941,5.450768030738649,4.593037886371524
2013-03-01,232.282,7.5,0.14,99.1921,5.447952150764697,4.597058374022851
2013-04-01,231.797,7.6,0.15,99.1065,5.445861988630356,4.596195029497807
2013-05-01,231.893,7.5,0.11,99.1839,5.4462760583811445,4.596975702731922
2013-06-01,232.445,7.5,0.09,99.3897,5.448653637903099,4.599048486563044
2013-07-01,232.9,7.3,0.09,99.0814,5.450609176890295,4.595941734517294
2013-08-01,233.456,7.2,0.08,99.6543,5.452993622521666,4.601707196756425
2013-09-01,233.544,7.2,0.08,100.161,5.453370496187798,4.606778891327507
2013-10-01,233.669,7.2,0.09,100.082,5.453905584051288,4.605989849971768
2013-11-01,234.1,6.9,0.08,100.3158,5.455748374496865,4.6083232099794955
2013-12-01,234.719,6.7,0.09,100.5175,5.458389053990231,4.6103318416936085
2014-01-01,235.288,6.6,0.07,100.1599,5.460810295707806,4.606767908948734
2014-02-01,235.547,6.7,0.07,100.9168,5.461910468915507,4.61429641498635
2014-03-01,236.028,6.7,0.08,101.8942,5.463950442055756,4.623935020061161
2014-04-01,236.468,6.2,0.09,101.9928,5.465812892223319,4.62490222255751
2014-05-01,236.918,6.3,0.09,102.3836,5.467714089705059,4.628726543529026
2014-06-01,237.231,6.1,0.1,102.735,5.469034349983856,4.632152857317978
2014-07-01,237.498,6.2,0.09,102.9632,5.470159202386607,4.634371642835977
2014-08-01,237.46,6.1,0.09,102.7688,5.469999188237646,4.632481805009503
2014-09-01,237.477,5.9,0.09,103.0641,5.4700707766799335,4.635351124759652
2014-10-01,237.43,5.7,0.09,103.0764,5.469872843189151,4.6354704608436785
2014-11-01,236.983,5.8,0.09,103.7126,5.467988408604609,4.641623612193868
2014-12-01,236.252,5.6,0.12,103.7044,5.4648990319464845,4.64154454442214
2015-01-01,234.747,5.7,0.11,102.8905,5.458508338453997,4.633665315934663
2015-02-01,235.342,5.5,0.11,102.2335,5.4610397753424955,4.627259412708348
2015-03-01,235.976,5.4,0.11,101.8914,5.463730104939077,4.623907540199973
2015-04-01,236.222,5.4,0.12,101.3355,5.464772040831459,4.618436794088477
2015-05-01,237.001,5.6,0.12,100.8883,5.468064360535513,4.614013964243633
2015-06-01,237.657,5.3,0.13,100.571,5.470828457707228,4.610863945730013
2015-07-01,238.034,5.2,0.13,101.2228,5.472413520611222,4.6173240279206205
2015-08-01,238.033,5.1,0.14,101.0367,5.472409319521879,4.615483817176334
2015-09-01,237.498,5,0.14,100.7547,5.470159202386607,4.612688849862779
2015-10-01,237.733,5,0.12,100.2675,5.471148195188653,4.607841614543251
2015-11-01,238.017,5.1,0.12,99.5298,5.472342099692004,4.600457096811565
2015-12-01,237.761,5,0.24,99.0417,5.471265967442488,4.595540973570879
2016-01-01,237.652,4.8,0.34,99.5607,5.4708074187620355,4.600767508410793
2016-02-01,237.336,4.9,0.38,99.0445,5.469476858635799,4.595569244091493
2016-03-01,238.08,5,0.36,98.3096,5.472606751644727,4.5881216826084765
2016-04-01,238.992,5.1,0.37,98.6421,5.476430078567937,4.591498148167183
2016-05-01,239.557,4.8,0.37,98.4184,5.478791384359091,4.589227778447326
2016-06-01,240.222,4.9,0.38,98.8833,5.481563495793126,4.593940366938896
2016-07-01,240.101,4.8,0.39,98.9992,5.481059668149813,4.595111769293859
2016-08-01,240.545,4.9,0.4,98.85,5.482907182229998,4.593603549616626
2016-09-01,241.176,5,0.4,98.7457,5.485526957414767,4.592547858529353
2016-10-01,241.741,4.9,0.4,98.7611,5.487866905098523,4.592703802527547
2016-11-01,242.026,4.7,0.41,98.3491,5.489045158402165,4.58852339380184
2016-12-01,242.637,4.7,0.54,99.0214,5.491566499307847,4.595335988391196
2017-01-01,243.618,4.7,0.65,98.7611,5.495601424731506,4.592703802527547
2017-02-01,244.006,4.6,0.66,98.3646,5.497192815154803,4.588680983232897
2017-03-01,243.892,4.4,0.79,99.0137,5.496725504355929,4.595258224398814
2017-04-01,244.193,4.4,0.9,100.0224,5.4979588962370896,4.605394160903837
2017-05-01,244.004,4.4,0.91,100.1408,5.4971846186014535,4.606577195685547
2017-06-01,244.163,4.3,1.04,100.3471,5.497836035045509,4.608635175970757
2017-07-01,244.243,4.3,1.15,100.1068,5.498163631351514,4.606237616081828
2017-08-01,245.183,4.4,1.16,99.6925,5.502004870500302,4.602090448461168
2017-09-01,246.435,4.3,1.15,99.7954,5.50709826702641,4.603122090070772
2017-10-01,246.626,4.2,1.15,101.0247,5.507873019073535,4.615365041398139
2017-11-01,247.284,4.2,1.16,101.2664,5.5105374736878545,4.617754668178707
2017-12-01,247.805,4.1,1.3,101.4644,5.512642146554028,4.619707998042306
2018-01-01,248.859,4,1.41,101.4625,5.516886471015856,4.619689272087294
2018-02-01,249.529,4.1,1.42,101.7085,5.519575140902034,4.622110878716347
2018-03-01,249.577,4,1.51,102.2067,5.519767484813539,4.626997233350731
2018-04-01,250.227,4,1.69,103.3329,5.522368505879615,4.637955815253902
2018-05-01,250.792,3.8,1.7,102.4024,5.524623910323381,4.628910149830753
2018-06-01,251.018,4,1.82,103.198,5.525524649707929,4.636649473014709
2018-07-01,251.214,3.8,1.91,103.3646,5.526305165525123,4.6382625436879525
2018-08-01,251.663,3.8,1.91,104.0327,5.528090890938355,4.64470527279772
2018-09-01,252.182,3.7,1.95,104.1004,5.53015104905668,4.645355818072715
2018-10-01,252.772,3.8,2.19,103.9856,5.532487896644746,4.644252428016228
2018-11-01,252.594,3.8,2.2,104.0681,5.531783456665163,4.645045492540666
2018-12-01,252.767,3.9,2.27,104.0936,5.5324681157771955,4.645290494384208
2019-01-01,252.561,4,2.4,103.4021,5.531652803697076,4.63862527134585
2019-02-01,253.319,3.8,2.4,102.8371,5.5346495640642495,4.633146182855784
2019-03-01,254.277,3.8,2.41,102.8757,5.538424223980678,4.633521463348325
2019-04-01,255.233,3.7,2.42,102.274,5.542176853455601,4.627655486207163
2019-05-01,255.296,3.6,2.39,102.392,5.542423656282941,4.62880858455349
2019-06-01,255.213,3.6,2.38,102.4375,5.542098490612086,4.629252856504048
2019-07-01,255.802,3.7,2.4,101.9408,5.544403707722465,4.624392252634682
2019-08-01,256.036,3.6,2.13,102.639,5.545318059592794,4.631217977469585
2019-09-01,256.43,3.5,2.04,102.2917,5.546855722882189,4.627828535746203
2019-10-01,257.155,3.6,1.83,101.4281,5.549679015936231,4.619350173081922
2019-11-01,257.879,3.6,1.55,101.9372,5.552490482662294,4.624356937397135
2019-12-01,258.63,3.6,1.55,101.7003,5.555398468889943,4.622030252902671
2020-01-01,259.127,3.6,1.55,101.0338,5.55731828900884,4.615455114322625
2020-02-01,259.25,3.5,1.58,101.3735,5.557792847109637,4.618811715778635
2020-03-01,258.076,4.4,0.65,97.4078,5.553254115186731,4.57890628957761
2020-04-01,256.032,14.8,0.05,84.5619,5.545302436667713,4.437483810562154
2020-05-01,255.802,13.2,0.05,85.9604,5.544403707722465,4.453886725090612
2020-06-01,257.042,11,0.08,91.5934,5.549239495667466,4.517359216682439
2020-07-01,258.352,10.2,0.09,95.0256,5.554322996139265,4.554146328983239
2020-08-01,259.316,8.4,0.1,95.9549,5.558047395230248,4.5638782894144905
2020-09-01,259.997,7.8,0.09,95.9669,5.56067009248742,4.564003340346856
2020-10-01,260.319,6.9,0.09,96.7394,5.561907802037412,4.5720207651841624
2020-11-01,260.911,6.7,0.09,97.0816,5.564179353001697,4.575551861975161
2020-12-01,262.045,6.7,0.09,98.363,5.568516244737962,4.588664717086205
2021-01-01,262.687,6.4,0.09,98.8822,5.570963209361192,4.593929242652809
2021-02-01,263.579,6.2,0.08,95.6149,5.574353133293985,4.560328665653386
2021-03-01,264.961,6.1,0.07,98.3856,5.579582645344362,4.588894451885836
2021-04-01,266.614,6.1,0.07,98.5587,5.585801919494124,4.590652309763157
2021-05-01,268.383,5.8,0.06,99.4333,5.592415064790528,4.59948706761955
2021-06-01,270.654,5.9,0.08,99.7987,5.60084125236895,4.603155157180474
2021-07-01,271.903,5.4,0.1,100.2519,5.605445385045743,4.607686018625534
2021-08-01,272.676,5.1,0.09,100.0437,5.608284277177661,4.6056070905314
2021-09-01,273.91,4.7,0.08,98.8579,5.612799585277634,4.593683465492564
2021-10-01,276.55,4.5,0.08,100.1861,5.622391636440687,4.60702945647301
2021-11-01,278.919,4.1,0.08,100.8654,5.630921417088961,4.613786954775174
2021-12-01,280.845,3.9,0.08,100.5726,5.637802915722226,4.610879854762167
2022-01-01,282.543,4,0.08,100.1856,5.643830751392746,4.607024465748273
2022-02-01,284.5,3.9,0.08,100.8064,5.6507332535663855,4.613201845685224
2022-03-01,287.674,3.7,0.2,101.3907,5.661827894558525,4.618981370974584
2022-04-01,288.561,3.7,0.33,101.44,5.664906502073061,4.6194674906889155
2022-05-01,291.298,3.6,0.77,101.3335,5.674346798167703,4.618417057473602
2022-06-01,294.957,3.6,1.21,101.018,5.686829583003539,4.615298718784132
2022-07-01,294.913,3.5,1.68,101.223,5.686680397589527,4.617326003758104
2022-08-01,295.097,3.6,2.33,101.0963,5.687304115851811,4.616073527928434
2022-09-01,296.349,3.5,2.56,101.2918,5.691537813839762,4.61800546029804
2022-10-01,298.007,3.6,3.08,101.2529,5.697116976162406,4.6176213475517836
2022-11-01,298.786,3.6,3.78,100.9552,5.699727598077977,4.614676854081055
2022-12-01,298.832,3.5,4.1,99.7664,5.6998815425712515,4.60283145328353
2023-01-01,300.42,3.5,4.33,100.505,5.705181495569908,4.61020747750536
2023-02-01,301.45,3.6,4.57,100.6416,5.708604164935415,4.6115656910769465
2023-03-01,301.821,3.5,4.65,101.0205,5.709834126417968,4.6153234665426055
2023-04-01,302.845,3.4,4.83,101.253,5.7132211234673225,4.617622335177329
2023-05-01,303.334,3.6,5.06,100.9286,5.714834508642569,4.614413336154862
2023-06-01,304.014,3.6,5.08,100.1196,5.717073752977411,4.606365471349839
2023-07-01,304.609,3.5,5.12,100.9067,5.719028986971375,4.614196327533616
2023-08-01,306.082,3.7,5.33,100.8393,5.72385303991001,4.61352816060582
2023-09-01,307.276,3.7,5.33,101.0211,5.727746366509548,4.615329405913507
2023-10-01,307.696,3.9,5.33,100.4689,5.729112282568492,4.609848226872434
2023-11-01,308.148,3.7,5.33,100.8639,5.730580187041579,4.613772083360858
2023-12-01,308.741,3.8,5.33,100.6031,5.732502737719752,4.611183072300207
2024-01-01,309.698,3.7,5.33,99.2223,5.7355976290958575,4.597362787414553
2024-02-01,310.967,3.9,5.33,100.285,5.739686797224483,4.60801613243801
2024-03-01,312.345,3.9,5.33,100.4575,5.744108346127766,4.609734752485671
2024-04-01,313.023,3.9,5.33,100.2434,5.746276670268567,4.607601228607962
2024-05-01,313.175,3.9,5.33,100.863,5.746762139730255,4.61376316040611
2024-06-01,313.044,4.1,5.33,100.894,5.746343755740274,4.614070460774811
2024-07-01,313.569,4.2,5.33,99.9757,5.748019431549252,4.604927156458808
2024-08-01,314.062,4.2,5.33,100.4309,5.749590418646427,4.609469928830792
2024-09-01,314.732,4.1,5.13,99.8084,5.751721483044508,4.603252348112136
2024-10-01,315.631,4.1,4.83,99.4695,5.754573809749928,4.59985106451049
2024-11-01,316.528,4.2,4.64,99.2925,5.757411705285736,4.5980700394977845
2024-12-01,317.604,4.1,4.48,100.3273,5.760805323752109,4.6084378413823455
2025-01-01,318.961,4,4.33,100.0647,5.765068838257551,4.605816976773828
2025-02-01,319.679,4.2,4.33,101.0993,5.767317367327168,4.6161032021646715
2025-03-01,319.785,4.2,4.33,101.0404,5.767648894984615,4.615520436862586
2025-04-01,320.302,4.2,4.33,101.1279,5.769264300741731,4.616386052346948
2025-05-01,320.62,4.3,4.33,100.9655,5.770256621261527,4.614778874329686
2025-06-01,321.435,4.1,4.33,101.4785,5.772795345943155,4.6198469533841555
2025-07-01,322.169,4.3,4.33,101.894,5.775076252582087,4.623933057238976
2025-08-01,323.291,4.3,4.33,101.6247,5.77855284642247,4.621286615834097
2025-09-01,324.245,4.4,4.22,101.668,5.781499402877198,4.621712602607403
2025-11-01,325.063,4.5,3.88,101.3605,5.784019009697846,4.618683468913108
2025-12-01,326.031,4.4,3.72,101.6781,5.786992468870287,4.6218119406326545
2026-01-01,326.588,4.3,3.64,102.3963,5.78869943766907,4.628850579140102
2026-02-01,327.46,4.4,3.64,102.551,5.791365910211346,4.630360235811655
